Model,Mean (ms),Std (ms),Min (ms),Max (ms),P50 (ms),P95 (ms),P99 (ms)
MLP,181.58399300125893,33.64696169021619,108.49240003153682,346.16419998928905,174.06464999658056,250.02206999924965,270.404945010669
CNN,319.3155300000217,98.18643385768756,151.82869997806847,534.6116999862716,363.452249992406,435.36871500255074,497.3584950127408
ResNet,242.04039800388273,158.50790484569382,103.04350004298612,1384.5149000408128,161.89205000409856,424.4178399647353,462.72659300128475
