Missing %,MSE,MAE
0%,0.0004379035125466301,0.01716636890623093
0%,0.0004379035125466301,0.01716636890623093
5%,0.012605078939337794,0.05248153613864762
10%,0.01911411077833254,0.07121874553725753
20%,0.03149786344814764,0.10180924766638015
30%,0.03809306303319301,0.11976887532910341
