Parameter,Shapiro-Wilk Stat,Shapiro-Wilk p-value,KS Stat,KS p-value,D'Agostino Stat,D'Agostino p-value,Normal (α=0.05)
sigma,0.9344974767800484,8.870750474329694e-68,0.09586609053320894,1.973883866780576e-160,4504.109741257069,0.0,False
nu,0.9521908396734794,1.8785967286613718e-61,0.07614478923352636,2.6779887470894704e-101,2319.3471814506775,0.0,False
theta,0.89483845697572,6.88515015003078e-78,0.03868190565101749,1.9419932414812374e-26,5546.431197248494,0.0,False
