{
  "loss": [
    0.08579117804765701,
    0.012366055510938168,
    0.008384233340620995,
    0.006684106774628162,
    0.00576360197737813,
    0.00509606534615159,
    0.004512443672865629,
    0.004136608447879553,
    0.0038445009849965572,
    0.0036371599417179823,
    0.00345217389985919,
    0.0033275296445935965,
    0.0032512249890714884,
    0.003183748573064804,
    0.0031603858806192875,
    0.0030725724063813686,
    0.0030145307537168264,
    0.0030149531085044146,
    0.0027792914770543575,
    0.0027170616667717695,
    0.0027087850030511618,
    0.0027190549299120903,
    0.002660320606082678,
    0.002660732716321945,
    0.002636565128341317,
    0.002633473603054881,
    0.002616585697978735,
    0.0026278432924300432,
    0.002610543742775917,
    0.002610028488561511
  ],
  "val_loss": [
    54.91017150878906,
    189.45079040527344,
    31.798839569091797,
    32.551361083984375,
    0.3387672007083893,
    0.07260005921125412,
    0.029924053698778152,
    0.057204470038414,
    0.7781741619110107,
    0.6464148163795471,
    0.022037604823708534,
    0.02902166359126568,
    0.009234694764018059,
    0.012013494037091732,
    0.011182084679603577,
    0.017045188695192337,
    0.01967700570821762,
    0.012020539492368698,
    0.030150769278407097,
    0.008858882822096348,
    0.010195459239184856,
    0.01270454190671444,
    0.006641484331339598,
    0.02561805583536625,
    0.010311130434274673,
    0.004931602161377668,
    0.009331113658845425,
    0.019447723403573036,
    0.007900687865912914,
    0.00533498777076602
  ],
  "mae": [
    0.17696216702461243,
    0.08086290210485458,
    0.06740114837884903,
    0.06065318360924721,
    0.056498799473047256,
    0.05299891158938408,
    0.04980785772204399,
    0.047757770866155624,
    0.045888978987932205,
    0.04476013407111168,
    0.04362115636467934,
    0.0428287498652935,
    0.04233018681406975,
    0.04193596914410591,
    0.04178757220506668,
    0.04120552912354469,
    0.040894363075494766,
    0.040900252759456635,
    0.0393344908952713,
    0.038883138447999954,
    0.03885578364133835,
    0.03890030086040497,
    0.03854384645819664,
    0.038539446890354156,
    0.03835899010300636,
    0.03831053897738457,
    0.038256872445344925,
    0.038320280611515045,
    0.038200926035642624,
    0.038200847804546356
  ],
  "val_mae": [
    0.18694590032100677,
    0.22241882979869843,
    0.11456753313541412,
    0.10640862584114075,
    0.06089911237359047,
    0.11362724751234055,
    0.11813174933195114,
    0.18227630853652954,
    0.41133350133895874,
    0.591528058052063,
    0.04791988804936409,
    0.09145141392946243,
    0.0668998435139656,
    0.042913541197776794,
    0.08555888384580612,
    0.10049546509981155,
    0.11550329625606537,
    0.08941934257745743,
    0.14377877116203308,
    0.0775810182094574,
    0.08217168599367142,
    0.09031107276678085,
    0.06520501524209976,
    0.12721237540245056,
    0.08154599368572235,
    0.054489556699991226,
    0.06919786334037781,
    0.11248301714658737,
    0.07157107442617416,
    0.05937135964632034
  ],
  "test_loss": 0.00455900514498353,
  "test_mae": 0.05408342182636261,
  "architecture": "cnn",
  "epochs_trained": 30,
  "batch_size": 32,
  "learning_rate": 0.001
}