{
  "loss": [
    0.1797681599855423,
    0.08741220086812973,
    0.04933749511837959,
    0.018347306177020073,
    0.009948625229299068,
    0.009341933764517307,
    0.008857285603880882,
    0.0084186140447855,
    0.008081003092229366,
    0.007315490860491991,
    0.0065445322543382645,
    0.006264777854084969,
    0.00587791483849287,
    0.005750057753175497,
    0.00534051563590765,
    0.005139841698110104,
    0.0050167241133749485,
    0.004941791761666536,
    0.004967139568179846,
    0.004538855515420437,
    0.0044181859120726585,
    0.004380092024803162,
    0.004362631123512983,
    0.004328920505940914,
    0.004295378923416138,
    0.004293321166187525,
    0.004201248288154602,
    0.004120656289160252,
    0.004080378450453281,
    0.004092451650649309
  ],
  "val_loss": [
    0.11362739652395248,
    0.08200744539499283,
    0.05571483075618744,
    0.03497833386063576,
    0.05578174069523811,
    0.042000818997621536,
    0.06294360011816025,
    0.07251464575529099,
    0.025975750759243965,
    0.026229828596115112,
    0.052709270268678665,
    0.03171383589506149,
    0.016338370740413666,
    0.014550602994859219,
    0.019206834957003593,
    0.028263365849852562,
    0.01962941139936447,
    0.016808724030852318,
    0.016749203205108643,
    0.01774199679493904,
    0.011489436961710453,
    0.01285846158862114,
    0.01484588161110878,
    0.011883224360644817,
    0.012883107177913189,
    0.01204406376928091,
    0.012447088956832886,
    0.0227749552577734,
    0.01322044525295496,
    0.01612352952361107
  ],
  "mae": [
    0.16261379420757294,
    0.0831746906042099,
    0.07117309421300888,
    0.06679563224315643,
    0.06516285240650177,
    0.06386898458003998,
    0.06252367794513702,
    0.060821980237960815,
    0.05935008451342583,
    0.05740058049559593,
    0.05543094128370285,
    0.05462232604622841,
    0.053391244262456894,
    0.05291683226823807,
    0.05158598721027374,
    0.050906989723443985,
    0.050405893474817276,
    0.05015486478805542,
    0.05028592050075531,
    0.048205822706222534,
    0.047591160982847214,
    0.04745055362582207,
    0.04729321599006653,
    0.04707081615924835,
    0.04686709865927696,
    0.04684993624687195,
    0.04631975293159485,
    0.045992232859134674,
    0.04582937806844711,
    0.045801661908626556
  ],
  "val_mae": [
    0.11431127041578293,
    0.11401582509279251,
    0.11649870127439499,
    0.10269645601511002,
    0.10687202215194702,
    0.10185156017541885,
    0.10147503763437271,
    0.15298660099506378,
    0.08141791820526123,
    0.08535077422857285,
    0.06992603093385696,
    0.08004312962293625,
    0.06461924314498901,
    0.08055748790502548,
    0.06683138757944107,
    0.06614088267087936,
    0.07768754661083221,
    0.08941472321748734,
    0.08405370265245438,
    0.09246502816677094,
    0.06236737594008446,
    0.07513239979743958,
    0.07297234237194061,
    0.07603921741247177,
    0.06312072277069092,
    0.0716264545917511,
    0.07874299585819244,
    0.118215411901474,
    0.08147595822811127,
    0.08747238665819168
  ],
  "test_loss": 0.008449575863778591,
  "test_mae": 0.061457812786102295,
  "architecture": "resnet",
  "epochs_trained": 30,
  "batch_size": 32,
  "learning_rate": 0.001
}